Status,To Part,To Sim,To Pin,From Part,From Sim,From Pin,From Zip,Carier,Is LTE,Is Iphone
New,TWZEZ558VCDG,TF256PSIMV9N,TWAPP00110,TWLGL164VC2R,TF256PSIMV9N,TWAPP00085,33178,,Yes,
New,TWAPIXC64SVP.2,TF256PSIMV9N,TWAPP00060,TWSAG955UCSVPDG,TF256PSIMV9N,TWAPP00035,33178,,Yes,
New,TWAPI8C64GD,TF256PSIMV9N,TWAPP00110,TWLGL164VC2R,TF256PSIMV9N,TWAPP00085,33178,,Yes,
New,TWAPI8PC64SV2R.2,TF256PSIMV9N,TWAPP00060,TWSAG955UCSVPDG,TF256PSIMV9N,TWAPP00035,33178,,Yes,
New,TWBYOPVZ,TF256PSIMV9ND,TWAPP00060,TWZEZ899VCPRS,TF256PSIMV9RM,TWAPP00085,33178,,Yes,
New,TWZEZ899VCPRS,TF256PSIMV9RM,TWAPP00060,TWZEZ899VCPDG,TF256PSIMV9RM,TWAPP00035,33178,,Yes,
New,TWZEZ719DCPSP,TF256PSIMV9N,TWAPP00060,TWZEZ719DCPTGP,TF256PSIMV9N,TWAPP00035,33178,,Yes,
New,TWALA577VC,TF256PSIMV9N,TWAPP00060,TWALA577VCDG,TF256PSIMV9N,TWAPP00035,33178,,Yes,
New,TWLGL158VC2R,TF256PSIMV9N,TWAPP00110,TWLGL158VCRCS,TF256PSIMV9N,TWAPP00085,33178,,Yes,
New,TWLGL164VCR,TF256PSIMV9N,TWAPP00110,TWLGL164VC2R,TF256PSIMV9N,TWAPP00085,33178,,Yes,
New,TWSAG955UCSV2R,TF256PSIMV9N,TWAPP00060,TWSAG955UCSVPDG,TF256PSIMV9N,TWAPP00035,33178,,Yes,
New,TWSAG950UCSV,TF256PSIMV9N,TWAPP00110,TWSAG950UCSVP,TF256PSIMV9N,TWAPP00085,33178,,Yes,
New,TWSAS327VCP,TF256PSIMV9N,TWAPP00025,TWSAS327VCPET,TF256PSIMV9N,TWAPP00035,33178,,Yes,
New,TWZEZ986DCRCS,TF256PSIMV9N,TWAPP00060,TWZEZ986DC,TF256PSIMV9N,TWAPP00085,33178,,Yes,
New,TWZEZ799VCPWP,TF256PSIMV9RM,TWAPP00025,TWSAS907VCP,TF256PSIMV9N,TWAPP00035,33178,,,
New,TWZEZ750C,TF256PSIMV9N,,TWSAS907VCP,TF256PSIMV9N,TWAPP00035,33178,,,
New,TWLGLRS988VCP,TF256PSIMV9N,TWAPPAR00060,TWSAS935DCSVPWP,TF256PSIMV9N,TWAPP00110,33178,,,
New,TWBYOPVZ,TF256PSIMV9ND,,TWBYOPVZ,,TWAPP00035,33178,RSS,Yes,Yes
New,TWBYOPVZ,,,TWBYOPVZ,,TWAPP00035,33178,RSS,No,No
New,TWZEZ837VCP-5,TF256PSIMV9N,TWAPP00025,TWSAS907VCP,TF256PSIMV9N,TWAPP00035,33178,,,
New,TWLGL64VCPDG,TF256PSIMV9N,TWAPP00035,TWSAS935DCSVPWP,TF256PSIMV9N,TWAPP00110,33178,,,
