Part Number,SIM,PIN,Zip,Cell Tech,Enroll Plan,Card type,CVV,Brand
SMAPIXG64SVP5,SM128PSIMT5N,SMNAPP0040UNL,33178,GSM,"$50 Unlimited Monthly Upgrade Plan - 1 point, 2 GB",Visa,123,SIMPLE_MOBILE
SMZEZ557BG,SM128PSIMT5N,SMNAPP0040UNL,33178,GSM,"$50 Unlimited Monthly Upgrade Plan - 1 point, 2 GB",Visa,123,SIMPLE_MOBILE
SMZEZ557BG3P5,SM128PSIMT5N,SMNAPP0040UNL,33178,GSM,"$50 Unlimited Monthly Upgrade Plan - 1 point, 2 GB",Visa,123,SIMPLE_MOBILE
SMAPI8G64GYP,SM128PSIMT5N,SMNAPP0050BBUNL,33178,GSM,"$50 Unlimited Monthly Upgrade Plan - 1 point, 2 GB",Visa,123,SIMPLE_MOBILE
SMAPI8PG64GY,SM128PSIMT5N,SMNAPP0040UNL,33178,GSM,$50 Truly UNL Talk/Txt/Data,Visa,123,SIMPLE_MOBILE
SMLML413DGP,SM128PSIMT5N,SMNAPP0050BBUNL,33178,GSM,"$50 Unlimited Monthly Upgrade Plan - 1 point, 2 GB",Visa,123,SIMPLE_MOBILE
SMSAG965U1GRCS5,SM128PSIMT5N,SMNAPP0040UNL,33178,GSM,"$50 Unlimited Monthly Upgrade Plan - 1 point, 2 GB",Visa,123,SIMPLE_MOBILE
SMSAG960U1GRCS,SM128PSIMT5N,SMNAPP0050BBUNL,33178,GSM,"$50 Unlimited Monthly Upgrade Plan - 1 point, 2 GB",Visa,123,SIMPLE_MOBILE
SMZEZ610DG3P5P,SM128PSIMT5N,SMNAPP0040UNL,33178,GSM,$50 Truly UNL Talk/Txt/Data,Visa,123,SIMPLE_MOBILE
PHSMGS128PSIMT5DD,GS128PSIMT5DD,GSAPPU0045,33178,GSM,GoSmart $45 / 20 GB,Visa,123,GO_SMART
PHSMGS128PSIMT5DD,GS128PSIMT5DD,GSAPPU0055,33178,GSM,GoSmart $55/ Completely Unlimited Data+$10 Intl Calling,American Express,1234,GO_SMART
TWSAN950U1CPDG,TF256PSIMV9N,TWAPP00110,33178,CDMA,Total Wireless $10 ILD Card,Visa,123,TOTAL_WIRELESS
TWLGL48VCPTGP,TF256PSIMV9N,TWAPP00085,33178,CDMA,$100 UNL Talk/Txt - 25 GB shared,Discover,123,TOTAL_WIRELESS
TWZEZ233VCGY3PWP,TF256PSIMV9RM,TWAPP00110,33178,CDMA,$100 UNL Talk/Txt - 25 GB shared,Discover,123,TOTAL_WIRELESS
TWZEZ799VCP,TF256PSIMV9RM,TWAPP00085,33178,CDMA,$100 UNL Talk/Txt - 25 GB shared,Discover,123,TOTAL_WIRELESS
TWAPI8C64GYPWP.2,TF256PSIMV9N,TWAPP00085,33178,CDMA,$100 UNL Talk/Txt - 25 GB shared,Discover,123,TOTAL_WIRELESS
TWAPI8PC64GYR.2,TF256PSIMV9N,TWAPP00085,33178,CDMA,$100 UNL Talk/Txt - 25 GB shared,Discover,123,TOTAL_WIRELESS
TWZEZ558VCP,TF256PSIMV9N,TWAPP00085,33178,CDMA,$100 UNL Talk/Txt - 25 GB shared,Discover,123,TOTAL_WIRELESS
TWAPIXC64SVR.2,TF256PSIMV9N,TWAPP00085,33178,CDMA,$100 UNL Talk/Txt - 25 GB shared,Discover,123,TOTAL_WIRELESS
TWLML413DCP,TF256PSIMV9N,TWAPP00085,33178,CDMA,$100 UNL Talk/Txt - 25 GB shared,Discover,123,TOTAL_WIRELESS
TWSAG965U1CFDP,TF256PSIMV9N,TWAPP00085,33178,CDMA,$100 UNL Talk/Txt - 25 GB shared,Discover,123,TOTAL_WIRELESS
TWSAG960U1CWHP,TF256PSIMV9N,TWAPP00085,33178,CDMA,$100 UNL Talk/Txt - 25 GB shared,Discover,123,TOTAL_WIRELESS
TWZEZ610DCWHP,TF256PSIMV9N,TWAPP00085,33178,CDMA,$100 UNL Talk/Txt - 25 GB shared,Discover,123,TOTAL_WIRELESS
SMHUH871GDG,SM128PSIMT5RM,SMNAPP30060,33178,GSM,$40 Unlimited Plan - 6 GB plus Mobile Hotspot,Discover,123,SIMPLE_MOBILE
PHSM128PSIMCL7ND,TF128PSIMCL7ND,SMNAPP30060,692,GSM,$60 Truly UNL Talk/Txt/Data plus Mobile Hotspot,Visa,123,SIMPLE_MOBILE
SMALA574BGRCS,SM128PSIMT5N,SMNAPP30060,33178,GSM,$50 Truly UNL Talk/Txt/Data,Visa,123,SIMPLE_MOBILE
NTBYOCNRS,,NTAPPU0065ILD,80130,CDMA,$60 Unlimited Monthly Upgrade Plan - 1 Point,Visa,123,NET10
NTCPOAI5SCP,TF256PSIMV9N,NTAPP6U060,33178,CDMA,$40 Unlimited Monthly Plan - 4 GB,Visa,123,NET10
NTLGL62VC3P,TF256PSIMV9N,NTAPPU0001,33178,CDMA,$10 Global Card Instant Low Balance Refill,Visa,123,NET10
NTZEZ798BGRCS4,TF128PSIMT5RM,NTAPP60060ILDUP,33178,GSM,$35 Unlimited Monthly Plan - 2 GB,American Express,1234,NET10
PHTC128PSIMT5NB,TF128PSIMT5NB,TCAPP00055ILD,33178,GSM,$60 Extended Nation Plan - Truly Unlimited Data,Visa,586,TELCEL
TCALA621BGP5,TF128PSIMT5RM,TCAPP00045ILD,33178,GSM,$45 Unlimited Plan - 8 GB,Visa,586,TELCEL
STZEZ558VC2R,TF256PSIMV9N,STAPP20055,33178,CDMA,$10 Global Card Instant Low Balance Refill,Visa,123,STRAIGHT_TALK
STAPIXC64SV2R.2,TF256PSIMV9N,STAPP20055,33178,CDMA,$10 Global Card Instant Low Balance Refill,Visa,123,STRAIGHT_TALK
STAPIXG64SV,TF128PSIMC4N,STAPP20055,33178,GSM,$10 Global Card Instant Low Balance Refill,Visa,123,STRAIGHT_TALK
PHST128PSIMC4ND,TF128PSIMC4ND,STAPPMB00015,33178,GSM,$15 BYOT Plan - 1GB,Visa,123,STRAIGHT_TALK
STSAG955UCSV,TF256PSIMV9N,STAPP20055,33178,CDMA,$10 Global Card Instant Low Balance Refill,Visa,123,STRAIGHT_TALK
STZEZ719DCP,TF256PSIMV9N,STAPP20055,33178,CDMA,$255 Unlimited Plan - 10 GB,American Express,1234,STRAIGHT_TALK
STAPI8G64SV,TF128PSIMC4N,STAPP20055,33178,GSM,$45 Unlimited Plan - 8 GB,Visa,123,STRAIGHT_TALK
STAPI8C64SVPWP.2,TF256PSIMV9N,NTAPPMP000451Y,33178,CDMA,$10 Global Card Instant Low Balance Refill,American Express,1234,STRAIGHT_TALK
STAPI8PG64SVP,TF128PSIMC4N,NTAPPMP00060ILD,33178,GSM,$45 Unlimited Plan - 8 GB,Visa,123,STRAIGHT_TALK
STAPI8PC64GDPWP.2,TF256PSIMV9N,STAPP20055,33178,CDMA,$45 Unlimited Plan - 8 GB,American Express,1234,STRAIGHT_TALK
STLML413DGR5,TF128PSIMT5N,STAPP20055,33178,GSM,$45 Unlimited Plan - 10 GB,Visa,123,STRAIGHT_TALK
STLML413DCP,TF256PSIMV9N,NTAPPMP000451Y,33178,CDMA,$10 Global Card Instant Low Balance Refill,American Express,1234,STRAIGHT_TALK
STSAG965U1GR,TF128PSIMC4N,STAPP20055,33178,GSM,$45 Unlimited Plan - 8 GB,Visa,123,STRAIGHT_TALK
STSAG965U1CR,TF256PSIMV9N,STAPP20055,33178,CDMA,$10 Global Card Instant Low Balance Refill,American Express,1234,STRAIGHT_TALK
STSAG960U1GRCS,TF128PSIMC4N,STAPP20055,33178,GSM,$45 Unlimited Plan - 8 GB,Visa,123,STRAIGHT_TALK
STSAG960U1CR,TF256PSIMV9N,NTAPPMP000451Y,33178,CDMA,$45 Unlimited Plan - 8 GB,American Express,1234,STRAIGHT_TALK
STZEZ610DGP7P,TF128PSIMCL7N,NTAPPMP00060ILD,692,GSM,$45 Unlimited Plan - 10 GB,Visa,123,STRAIGHT_TALK
STZEZ610DCP,TF256PSIMV9N,STAPP20055,33178,CDMA,$10 Global Card Instant Low Balance Refill,American Express,1234,STRAIGHT_TALK
TFLGL38CWHP,,TSAPP40300,33178,CDMA,50 Minutes Value Plan,Visa,123,TRACFONE
TFLGL81AG3P4,TF128PSIMCL7N,TFSAPP1SPH1500,692,GSM,TracFone Service Protection,American Express,1234,TRACFONE
TFLGL82VCP,TF256PSIMV9N,TFSAPP1SPH200,33178,CDMA,$25 Smartphone Only 60-Day,Visa,123,TRACFONE
PHTF128PSIMCL7TD,TF128PSIMCL7TD,TFSAPP1SPH500,692,GSM,50 Minutes Value Plan,American Express,1234,TRACFONE
TFALA577VC,TF256PSIMV9N,TSAPP40120,33178,CDMA,125 Minutes Value Plan,Visa,123,TRACFONE
TFLGL164VCPWP,TF256PSIMV9N,TFSAPP1SPH750,33178,CDMA,50 Minutes Value Plan,Visa,123,TRACFONE
TFZEZ719DCWHP,TF256PSIMV9N,TFSAPP1SPH1500,33178,CDMA,125 Minutes Value Plan,Visa,123,TRACFONE
TFZEZ558VCPET,TF256PSIMV9N,TFSAPP1SPH1500,33178,CDMA,125 Minutes Value Plan,Visa,123,TRACFONE
TFLML413DGRCS5,TF128PSIMT5N,TFSAPP1SPH500,33178,GSM,50 Minutes Value Plan,American Express,1234,TRACFONE
TFLML413DC2R,TF256PSIMV9N,TFSAPP1SPH1500,33178,CDMA,125 Minutes Value Plan,Visa,123,TRACFONE
TFZEZ610DG2R7,TF128PSIMCL7N,TFSAPP1SPH500,33178,GSM,50 Minutes Value Plan,American Express,1234,TRACFONE
TFZEZ610DC,TF256PSIMV9N,TFSAPP1SPH1500,33178,CDMA,125 Minutes Value Plan,Visa,123,TRACFONE
WFMLGL57BGP,WFM128PSIMT5TM,WFMAPPU0029,33178,GSM,,Visa,123,WFM
PHWFM128PSIMT5TD,WFM128PSIMT5TD,WFMAPPU0024,33178,GSM,,ACH,,WFM
WFMZEZ232TGP5,WFM128PSIMT5TM,WFMAPPU0039,33178,GSM,,American Express,1234,WFM
WFMZEZ557BGWHP5,WA128PSIMT5N,WFMAPPU0029,33178,GSM,$29.99 Plan,Visa,123,WFM
WFMZEZ557BGRCS,WA128PSIMT5N,WFMAPPU0029,33178,GSM,$29.99 Plan,Visa,123,WFM
WFMSAG900T3GR,WA128PSIMT5N,WFMAPPU0039,33178,GSM,,Visa,123,WFM
WFMAPI8G256GYR,WA128PSIMT5N,WFMAPPU0039,33178,GSM,,Visa,123,WFM
WFMAPI8PG256GYP,WA128PSIMT5N,WFMAPPU0039,33178,GSM,,Visa,123,WFM
WFMLML413DGP5,WA128PSIMT5N,WFMAPPU0039,33178,GSM,,Visa,123,WFM
WFMSAG965U1GP5P,WA128PSIMT5N,WFMAPPU0039,33178,GSM,,Visa,123,WFM
WFMSAG960U1GP5,WA128PSIMT5N,WFMAPPU0024,33178,GSM,,Visa,123,WFM
WFMZEZ610DGWHP5,WA128PSIMT5N,WFMAPPU0049,33178,GSM,,Visa,123,WFM
