Status,PartNumber,SIM,Zip Code,PIN,CellTech,Brand,# Devices,Reactivate For,Child 1,ChildSim 1,Child 2,ChildSim 2,Child 3,ChildSim 3
New,PHGS128PSIMT5ND,GS128PSIMT5ND,33178,GSAPPU0025,GSM,GO_SMART,,,,,,,,
New,PHSMGS128PSIMT5DD,GS128PSIMT5DD,33178,GSAPPU0065ILD,GSM,GO_SMART,,,,,,,,
New,TWSAG960U1C,TF256PSIMV9N,33178,TWAPP00035,CDMA,TOTAL_WIRELESS,,,,,,,,
New,TWSAG965U1C,TF256PSIMV9N,33178,TWAPP00035,CDMA,TOTAL_WIRELESS,,,,,,,,
New,TWZEZ963VCRCS,TF256PSIMV9N,33178,TWAPP00035,CDMA,TOTAL_WIRELESS,2,2,TWMTXT830CP,,,,,
New,TWSAG930VCWHP,TF256PSIMV9N,33178,TWP00060,CDMA,TOTAL_WIRELESS,2,2,TWZEZ819CPWP,TF256PSIMV9N,,,,
New,TWAPI5SC16SVPWP,TF256PSIMV9N,33178,TWN00110,CDMA,TOTAL_WIRELESS,2,2,TWLGL62VCWHP,TF256PSIMV9N,,,,
New,TWAPI6C16GYR,TF256PSIMV9N,33178,TWP00060,CDMA,TOTAL_WIRELESS,3,3,TWMTXT830CP,,TWUXU240CWHP,,,
New,TWAPI8C64GDPWP.2,TF256PSIMV9N,33178,TWAPP00060,CDMA,TOTAL_WIRELESS,,,,,,,,
New,TWAPI8PC64GDP.2,TF256PSIMV9N,33178,TWAPP00085,CDMA,TOTAL_WIRELESS,,,,,,,,
New,TWZEZ558VCPRS,TF256PSIMV9N,33178,TWAPP00060,CDMA,TOTAL_WIRELESS,,,,,,,,
New,TWAPIXC64GY,TF256PSIMV9N,33178,TWAPP00085,CDMA,TOTAL_WIRELESS,,,,,,,,
New,TWLML413DC3PWP,TF256PSIMV9N,33178,TWAPP00085,CDMA,TOTAL_WIRELESS,,,,,,,,
New,SMZEZ610DG,SM128PSIMT5N,33178,SMNAPP0025TT,GSM,SIMPLE_MOBILE,,,,,,,,
New,SMSAG960U1G,SM128PSIMT5N,33178,SMNAPP0025TT,GSM,SIMPLE_MOBILE,,,,,,,,
New,SMSAG965U1G,SM128PSIMT5N,33178,SMNAPP0025TT,GSM,SIMPLE_MOBILE,,,,,,,,
New,SMAPIXG64GYP5,SM128PSIMT5N,33178,SMNAPP0025TT,GSM,SIMPLE_MOBILE,,,,,,,,
New,PHSM64PSIMT5BLC,SM64PSIMT5B,33178,SMNAPP30060,GSM,SIMPLE_MOBILE,,,,,,,,
New,SMZEZ716BG3P5,SM128PSIMT5RM,33178,SMNAPP0025TT,GSM,SIMPLE_MOBILE,,,,,,,,
New,SMZEZ557BGP5ET5,SM128PSIMT5N,33178,SMNAPP0040UNL,GSM,SIMPLE_MOBILE,,,,,,,,
New,SMZEZ557BGP5ET6,SM128PSIMT5N,33178,SMNAPP0040UNL,GSM,SIMPLE_MOBILE,,,,,,,,
New,SMZEZ232TGGYP5P,SM128PSIMT5RM,33178,SMNAPP30060,GSM,SIMPLE_MOBILE,,,,,,,,
New,SMAPI8G64GDP,SM128PSIMT5N,33178,SMNAPP20060ILDUP,GSM,SIMPLE_MOBILE,,,,,,,,
New,SMAPI8PG64GDP5P,SM128PSIMT5N,33178,SMNAPP30060,GSM,SIMPLE_MOBILE,,,,,,,,
New,SMLML413DGR5,SM128PSIMT5N,33178,SMNAPP20060ILDUP,GSM,SIMPLE_MOBILE,,,,,,,,
New,STZEZ610DCP,TF256PSIMV9N,33178,STAPP20055,CDMA,STRAIGHT_TALK,,,,,,,,
New,STZEZ610DGRCS7,TF128PSIMT5N,33178,STAPP20055,GSM,STRAIGHT_TALK,,,,,,,,
New,STSAG960U1GP,TF128PSIMT5N,33178,STAPP20055,GSM,STRAIGHT_TALK,,,,,,,,
New,STSAG960U1CP,TF256PSIMV9N,33178,STAPP20055,CDMA,STRAIGHT_TALK,,,,,,,,
New,STSAG965U1GP,TF128PSIMT5N,33178,STAPP20055,GSM,STRAIGHT_TALK,,,,,,,,
New,STSAG965U1CP,TF256PSIMV9N,33178,STAPP20055,CDMA,STRAIGHT_TALK,,,,,,,,
New,STZEZ558VCP,TF256PSIMV9N,33178,STAPP20055,CDMA,STRAIGHT_TALK,,,,,,,,
New,STAPIXC64SVR.2,TF256PSIMV9N,33178,STAPP20055,CDMA,STRAIGHT_TALK,,,,,,,,
New,STAPIXG64SVP4,TF128PSIMC4N,33178,STAPP20055,GSM,STRAIGHT_TALK,,,,,,,,
New,STZEZ750C,,33178,NTNMP00045,CDMA,STRAIGHT_TALK,,,,,,,,
New,STLG306GWHP,TF128SIMT5,33178,STAPP01500,GSM,STRAIGHT_TALK,,,,,,,,
New,STZEZ716BGR4,TF128PSIMC4RM,33178,NTAPPMP00045TR,GSM,STRAIGHT_TALK,,,,,,,,
New,STSAN950U1CWHP,TF256PSIMV9N,33178,STAPP20055,CDMA,STRAIGHT_TALK,,,,,,,,
New,STAPI8G64GD,TF128PSIMC4N,33178,NTAPPMP00060ILD,GSM,STRAIGHT_TALK,,,,,,,,
New,STAPI8C64GDPWP.2,TF256PSIMV9N,33178,STAPP20055,CDMA,STRAIGHT_TALK,,,,,,,,
New,STAPI8PG64GDP,TF128PSIMC4N,33178,NTAPPMP000451Y,GSM,STRAIGHT_TALK,,,,,,,,
New,STAPI8PC64SVR.2,TF256PSIMV9N,33178,NTAPPMP00060ILD,CDMA,STRAIGHT_TALK,,,,,,,,
New,STZEZ557BG2R4,TF128PSIMC4N,33178,NTAPPMP00060ILD,GSM,STRAIGHT_TALK,,,,,,,,
New,STLML413DGP7,TF128PSIMCL7N,692,NTAPPMP00060ILD,GSM,STRAIGHT_TALK,,,,,,,,
New,STLML413DC2R,TF256PSIMV9N,33178,NTAPPMP00060ILD,CDMA,STRAIGHT_TALK,,,,,,,,
New,TCSAS275G3P5,TF64SIMT5,33178,TCAPP00045ILD,GSM,TELCEL,,,,,,,,
New,TCZEZ716BGP5P,TF128PSIMT5RM,33178,TCAPPUNLILD60,GSM,TELCEL,,,,,,,,
New,PHTC128PSIMT5TDP,TF128PSIMT5TD,33178,TCAPP00060ILD,GSM,TELCEL,,,,,,,,
New,PHNT128PSIMCL7TD,TF128PSIMCL7TD,692,NTAPP6U040,GSM,NET10,,,,,,,,
New,TFZEZ610DG,TF128PSIMC4N,33178,TSAPP40300,GSM,TRACFONE,,,,,,,,
New,TFZEZ610DC,TF256PSIMV9N,33178,TSAPP40300,CDMA,TRACFONE,,,,,,,,
New,TFSAS380CTMP,,33178,TSAPP40300,CDMA,TRACFONE,,,,,,,,
New,TFALA564CP,,33178,TSAPP40200,CDMA,TRACFONE,,,,,,,,
New,TFALA460GP5AS,TF128PSIMT5RM,33178,TSAPP40060,GSM,TRACFONE,,,,,,,,
New,TFZEZ719DCPRS,TF256PSIMV9N,33178,TFSAPP1SPH200,CDMA,TRACFONE,,,,,,,,
New,TFZEZ558VCPDU,TF256PSIMV9N,33178,TFSAPP1SPH200,CDMA,TRACFONE,,,,,,,,
New,TFLML413DGP7P,TF128PSIMCL7N,692,TSAPP40060,GSM,TRACFONE,,,,,,,,
New,TFLML413DCWHP,TF256PSIMV9N,33178,TFSAPP1SPH200,CDMA,TRACFONE,,,,,,,,
New,WFMZEZ610DGP,WA128PSIMT5N,33178,WFMAPPU0039,GSM,WFM,,,,,,,,
New,WFMLGL57BGP,WFM128PSIMT5TM,33178,WFMAPPU0049,GSM,WFM,,,,,,,,
New,PHWFM128PSIMT5TD,WFM128PSIMT5TD,33178,WFMAPPU0024,GSM,WFM,,,,,,,,
New,WFMZEZ557BG,WA128PSIMT5N,33178,WFMAPPU0039,GSM,WFM,,,,,,,,
New,WFMZEZ557BGP,WA128PSIMT5N,33178,WFMAPPU0039,GSM,WFM,,,,,,,,
New,WFMSAG900T3GWHP,WA128PSIMT5N,33178,WFMAPPU0039,GSM,WFM,,,,,,,,
New,WFMAPI8G256GYP,WA128PSIMT5N,33178,WFMAPPU0039,GSM,WFM,,,,,,,,
New,WFMAPI8PG64SVR5,WA128PSIMT5N,33178,WFMAPPU0039,GSM,WFM,,,,,,,,
New,WFMLML413DGP,WA128PSIMT5N,33178,WFMAPPU0039,GSM,WFM,,,,,,,,
New,WFMSAG965U1GP,WA128PSIMT5N,33178,WFMAPPU0039,GSM,WFM,,,,,,,,
New,WFMSAG960U1GP,WA128PSIMT5N,33178,WFMAPPU0039,GSM,WFM,,,,,,,,
