To Part,To Sim,To Status,To Cell,To Carrier,To Pin type,To Pin,During Pin,To Type,From Part,From SIM,From Cell,From Pin type,From Pin,From Carrier,From Type
NTSAS320VCWHP,TF256PSIMV9N,New,CDMA,Verizon,Megacard,NTAPP6U060,NTPU0065ILDS,Android,NTLG329G3P7P,TF64SIMCL7,GSM,Megacard,NTAPP6U060,Claro,Non-Android
NTSAS550TGWHP5,TF128PSIMT5N,New,GSM,T-Mobile,Megacard,NTAPP60070ILDUP,NTAPP6U060,Android,NTC155P,TF64SIMT5,GSM,Megacard,NTPU0001,T-Mobile,Non-Android
NTZEZ916BGP4DU,TF128PSIMC4N,New,GSM,AT&T,Megacard,NTAPPU0065ILD,NTPU0065ILDS,Android,NT3GCPOAGS4GP4,TF128PSIMC4RM,GSM,Megacard,NTAPP6U040,AT&T,Android
NTLGL53BGR4,TF128PSIMC4N,New,GSM,AT&T,Megacard,NTAPP60060ILDUP,NTAPP6U060,Android,PHNT128PSIMCL7ND,TF128PSIMCL7ND,GSM,Megacard,NTAPP6U060,Claro,Android
NTLGL56VCPWP,TF256PSIMV9N,New,CDMA,Verizon,Megacard,NTAPP6U060,NTPU0065ILDS,Android,NTZEZ936CPRS,TF256PSIMV9RM,CDMA,Megacard,NTAPP6U040,Verizon,Android
NTSAS935DCSVPSP,TF256PSIMV9N,New,CDMA,Verizon,Megacard,NTAPPU0065ILD,NTAPP6U060,Android,NTLGL41CPDU,,CDMA,Megacard,NTAPP6U040,Verizon,Android
NTAPISEG16GYU,TF128PSIMC4N,New,GSM,AT&T,Megacard,NTAPP6U060,NTAPP6U060,Android,NTLGL41CPDU,,CDMA,Megacard,NTAPP6U040,Verizon,Android
NTAPISEC16GYPWP,TF256PSIMV9N,New,CDMA,Verizon,Megacard,NTAPP6U040,NTPU0065ILDS,Android,NTLG329G3P7P,TF64SIMCL7,GSM,Megacard,NTAPP6U060,Claro,Non-Android
NTSAG930VC3PWP,TF256PSIMV9N,New,CDMA,Verizon,Megacard,NTAPPU0001,NTAPP6U060,Android,NTC155P,TF64SIMT5,GSM,Megacard,NTPU0001,T-Mobile,Non-Android
NTAPI5SG16GYWHPV2,TF128PSIMC4N,New,GSM,AT&T,Megacard,NTAPP6U060,NTPU0065ILDS,Android,NT3GCPOAGS4GP4,TF128PSIMC4RM,GSM,Megacard,NTAPP6U040,AT&T,Android
NTAPI5SC16SVWHP,TF256PSIMV9N,New,CDMA,Verizon,Megacard,NTAPP6U040,NTAPP6U060,Android,PHNT128PSIMCL7ND,TF128PSIMCL7ND,GSM,Megacard,NTAPP6U060,Claro,Android
NTAPI6C16SVP,TF256PSIMV9N,New,CDMA,Verizon,Megacard,NTAPP60060ILDUP,NTPU0065ILDS,Android,NTZEZ936CPRS,TF256PSIMV9RM,CDMA,Megacard,NTAPP6U040,Verizon,Android
NTAPI6PC16GY,TF256PSIMV9N,New,CDMA,Verizon,Megacard,NTAPPU0065ILD,NTAPP6U060,Android,NTLGL41CPDU,,CDMA,Megacard,NTAPP6U040,Verizon,Android
NTAPI6SG16SVP,TF128PSIMC4N,New,GSM,AT&T,Megacard,NTAPP60070ILDUP,NTPU0065ILDS,Android,NT3GCPOAGS4GP4,TF128PSIMC4RM,GSM,Megacard,NTAPP6U040,AT&T,Android
NTAPI6SC16RGWHP,TF256PSIMV9N,New,CDMA,Verizon,Megacard,NTAPP60080ILDUP,NTAPP6U060,Android,PHNT128PSIMCL7ND,TF128PSIMCL7ND,GSM,Megacard,NTAPP6U060,Claro,Android
NTAPI6SPG16RGP4P,TF128PSIMC4N,New,GSM,AT&T,Megacard,NTAPP6U035,NTPU0065ILDS,Android,NTZEZ936CPRS,TF256PSIMV9RM,CDMA,Megacard,NTAPP6U040,Verizon,Android
NTAPI6SPC16SVR,TF256PSIMV9N,New,CDMA,Verizon,Megacard,NTAPPU0065ILD,NTAPP6U060,Android,NTLGL41CPDU,,CDMA,Megacard,NTAPP6U040,Verizon,Android
NTLGLRS988VCU,TF256PSIMV9N,New,CDMA,Verizon,Megacard,NTAPP60070ILDUP,NTPU0065ILDS,Android,NTLG329G3P7P,TF64SIMCL7,GSM,Megacard,NTAPP6U060,Claro,Non-Android
NTHUH1511DGSVWHP5,TF128PSIMT5N,New,GSM,T-Mobile,Megacard,NTAPP60080ILDUP,NTAPP6U060,Android,NTC155P,TF64SIMT5,GSM,Megacard,NTPU0001,T-Mobile,Non-Android
NTHUH1511DCDG,TF256PSIMV9N,New,CDMA,Verizon,Megacard,NTAPP6U035,NTPU0065ILDS,Android,NT3GCPOAGS4GP4,TF128PSIMC4RM,GSM,Megacard,NTAPP6U040,AT&T,Android
NTZEZ828TGP5DU,TF128PSIMT5N,New,GSM,T-Mobile,Megacard,NTAPP6U060,NTAPP6U060,Android,NTLGL41CPDU,,CDMA,Megacard,NTAPP6U040,Verizon,Android
NTZEZ963VCPTGP,TF256PSIMV9N,New,CDMA,Verizon,Megacard,NTAPP6U035,NTPU0065ILDS,Android,NTZEZ936CPRS,TF256PSIMV9RM,CDMA,Megacard,NTAPP6U040,Verizon,Android
NTLGL82VCPTGP,TF256PSIMV9N,New,CDMA,Verizon,Megacard,NTAPPHP6U001,NTPU0065ILDS,Android,NT3GCPOAGS4GP4,TF128PSIMC4RM,GSM,Megacard,NTAPP6U040,AT&T,Android
NTLGL62VCRCS,TF256PSIMV9N,New,CDMA,Verizon,Megacard,NTAPP6U035,NTPU0065ILDS,Android,NTZEZ936CPRS,TF256PSIMV9RM,CDMA,Megacard,NTAPP6U040,Verizon,Android
NTLGL61AGDG,TF128PSIMC4N,New,GSM,AT&T,Megacard,NTAPP6U060,NTAPP6U060,Android,NTLGL41CPDU,,CDMA,Megacard,NTAPP6U040,Verizon,Android
NTLGL44VCU,TF256PSIMV9N,New,CDMA,Verizon,Megacard,NTAPP6U060,NTAPP6U060,Android,NTC155P,TF64SIMT5,GSM,Megacard,NTPU0001,T-Mobile,Non-Android
NTLGL43AGP4,TF128PSIMC4N,New,GSM,AT&T,Megacard,NTAPP6U060,NTAPP6U060,Android,NTALA846CPSP,TF256PSIMV9RM,CDMA,Megacard,NTAPP6U040,Verizon,Android
NTLGL52VCP,TF256PSIMV9N,New,CDMA,Verizon,Megacard,NTAPPHP6U001,NTPU0065ILDS,Android,NTLGL33GWHP4,TF128PSIMC4RM,GSM,Megacard,NTAPP6U060,AT&T,Android
NTLGL64VCPSP,TF256PSIMV9N,New,CDMA,Verizon,Megacard,NTAPP6U040,NTAPPU0001,Android,NT3GCPOAGS4GP4,TF128PSIMC4RM,GSM,Megacard,NTAPP6U040,AT&T,Android
NTZEZ836BGP4DU,TF128PSIMC4N,New,GSM,AT&T,Megacard,NTAPPU0001,NTAPP60060ILDUP,Android,NTALA846CPSP,TF256PSIMV9RM,CDMA,Megacard,NTAPP6U040,Verizon,Android
NTZEZ836BGP5DU,TF128PSIMT5N,New,GSM,T-Mobile,Megacard,NTAPP60060ILDUP,NTAPP6U060,Android,NTLGL33GWHP4,TF128PSIMC4RM,GSM,Megacard,NTAPP6U060,AT&T,Android
