Part Number,Sim Card,Pin Card,Zip Code,Cell Tech,Status
TFLGL57BGP,TF128PSIMC4N,TFN0001Y,33178,GSM,New
TFLGL57BGP4,TF128PSIMT5N,TFN00060,33178,GSM,New
TFZEZ232TGGYP5AP2,TF128PSIMT5RM,TSAPP40300,33178,GSM,New
GPAPI6G16SVP4P,TF128PSIMC4N,TFSAPP1SPH090,33178,GSM,New
GPAPI6PG16SVP,TF128PSIMC4N,TFSAPP1SPH1500,33178,GSM,New
TFSAS550TGP,TF128PSIMT5N,TFSAPP1SPH200,33178,GSM,New
TFZEZ861BG,TF128PSIMC4N,TFSAPP1SPH500,33178,GSM,New
GPAPI6SG16SVWHP,TF128PSIMC4N,TFSAPP1SPH750,33178,GSM,New
GPHUH1511DGSVRCS,TF128PSIMT5N,TFN0001Y,33178,GSM,New
TFAPI5SG16GYWHP,TF128PSIMC4N,TFN00060,33178,GSM,New
TFAPI6SG16GDWHP4,TF128PSIMC4N,TSAPP40300,33178,GSM,New
TFAPI6SPG16RGR4,TF128PSIMC4N,TFSAPP1SPH090,33178,GSM,New
TFHUH1511DGSVWHP,TF128PSIMT5N,TFSAPP1SPH1500,33178,GSM,New
TFAPISEG16SV,TF128PSIMC4N,TFSAPP1SPH200,33178,GSM,New
TFALA570BGP4P,TF128PSIMT5RM,TFSAPP1SPH500,33178,GSM,New
TFZEZ962BGP5AS,TF128PSIMC4N,TFSAPP1SPH750,33178,GSM,New
TFALA621BGP4AS,TF128PSIMC4RM,TFN0001Y,33178,GSM,New
TFLGL81AGP4FMP,TF128PSIMC4N,TFN00060,33178,GSM,New
TFLGL61AGP4AS,TF128PSIMC4N,TSAPP40300,33178,GSM,New
TFLGL51AGP4-5,TF128PSIMC4N,TFSAPP1SPH090,33178,GSM,New
TFLGL43AGWHP4,TF128PSIMC4N,TFSAPP1SPH1500,33178,GSM,New
TFLGL52VCPSP,TF256PSIMV9N,TFSAPP1SPH200,33178,GSM,New
TFZEZ716BGP5AS,TF128PSIMT5RM,TFSAPP1SPH500,33178,GSM,New
TFLG329GDMP5,TF64SIMT5,TFSAPP1SPH750,33178,GSM,New
TFSAS921AGP4RS,TF128PSIMC4RM,TFN0001Y,33178,GSM,New
TFALA845GP4P,TF128PSIMC4,TFN00060,33178,GSM,New
TFLGL17AGWHP4,TF128PSIMC4RM,TSAPP40300,33178,GSM,New
TFALA463BGP5-5,TF128PSIMT5RM,TFSAPP1SPH090,33178,GSM,New
TFALA463BGDG,TF128PSIMC4RM,TFSAPP1SPH1500,33178,GSM,New
TFLGL15GP4P,TF64PSIMC4RM,TFSAPP1SPH200,33178,GSM,New
TFLGL15G3P4,TF64PSIMC4RM,TFSAPP1SPH500,33178,GSM,New
TFSAS777CPDG,TF128SIMC4,TFSAPP1SPH750,33178,GSM,New
TFALA206G,TF128SIMC4RM,TFN0001Y,33178,GSM,New
TFLG800GP5DM,TF64SIMT5,TFN00060,33178,GSM,New
TFMTW370P4,TF64SIMC4,TSAPP40300,33178,GSM,New
TFSAT105GP5,TF64SIMT5,TFSAPP1SPH090,33178,GSM,New
PHTF128PSIMC4D,TF128PSIMC4DD,TFSAPP1SPH1500,33178,GSM,New
PHTF128PSIMT5DD,TF128PSIMT5DD,TFSAPP1SPH200,33178,GSM,New
TF256PBYOPD,TF256PSIMV9DD,TFSAPP1SPH500,33178,GSM,New
TFZEZ836BG,TF128PSIMC4N,TFSAPP1SPH750,33178,GSM,New
TFZEZ836BGDG,TF128PSIMT5N,TFN0001Y,33178,GSM,New
TFZEZ836BGP,TF128PSIMCL7N,TFN00060,33178,GSM,New
TFZEZ798BG,TF128PSIMC4RM,TSAPP40300,33178,GSM,New
TFZEZ798BGDG,TF128PSIMT5RM,TFSAPP1SPH090,33178,GSM,New
TFZEZ798BGP,TF128PSIMCL7RM,TFSAPP1SPH1500,33178,GSM,New
TFLGL59BGP4,TF128PSIMC4N,TFSAPP1SPH200,33178,GSM,New
TFLGL59BGP5,TF128PSIMT5N,TFSAPP1SPH500,33178,GSM,New
TFLGL59BG3P4,TF128PSIMCL7N,TFSAPP1SPH750,00692,GSM,New
TFLGL63BGP4,TF128PSIMC4N,TFN0001Y,33178,GSM,New
TFLGL63BGP5,TF128PSIMT5N,TFN00060,33178,GSM,New
TFLGL63BG3P4,TF128PSIMCL7N,TSAPP40300,00692,GSM,New
