Part Number,SIM,PIN,Zip Code,Cell Tech,Plan,Card
TFLGL48VCPAP3,TF256PSIMV9N,TFN0001Y,33178,CDMA,30 Minutes,Visa
TFLGL57BGP5P,TF128PSIMT5N,TFN00060,33178,GSM,450 Minutes,Visa
TFLGL58VCPAP,TF256PSIMV9N,TSAPP40300,33178,CDMA,30 Minutes,Discover
TFZEZ233VCGYPAP2,TF256PSIMV9RM,TFSAPP1SPH090,33178,CDMA,450 Minutes,Visa
TFLG108CDMPWPSV,,TFSAPP1SPH1500,33178,CDMA,30 Minutes,Visa
TFZEZ232TGGYP,TF128PSIMT5RM,TFSAPP1SPH200,33178,GSM,450 Minutes,Visa
TFAPI6PG16GYP4TER,TF128PSIMC4N,TFSAPP1SPH500,33178,GSM,30 Minutes,Discover
GPUAPI6PG16SVRB,TF128PSIMC4N,TFSAPP1SPH750,33178,GSM,450 Minutes,Visa
TFAPI6G16GYP4,TF128PSIMC4N,TFN0001Y,33178,GSM,120 Minutes,American Express
TFSAS550TGP5-5,TF128PSIMT5N,TFN00060,33178,GSM,30 Minutes,Discover
TFSAS320VCPRS,TF256PSIMV9N,TSAPP40300,33178,CDMA,120 Minutes,Visa
TFLG238CDG,,TFSAPP1SPH090,33178,CDMA,450 Minutes,American Express
TFSAG930VCP,TF256PSIMV9N,TFSAPP1SPH1500,33178,CDMA,120 Minutes,Visa
TFAPI5SG16SVR,TF128PSIMC4N,TFSAPP1SPH200,33178,GSM,30 Minutes,American Express
TFAPI5SC16SVPWP,TF256PSIMV9N,TFSAPP1SPH500,33178,CDMA,200 Minutes,Discover
TFAPI6C16SVR,TF256PSIMV9N,TFSAPP1SPH750,33178,CDMA,30 Minutes,Visa
TFAPI6PC16SVR,TF256PSIMV9N,TFN0001Y,33178,CDMA,450 Minutes,American Express
TFAPI6SG16GDR,TF128PSIMC4N,TFN00060,33178,GSM,450 Minutes,Discover
TFAPI6SC16SV,TF256PSIMV9N,TSAPP40300,33178,CDMA,120 Minutes,Visa
TFAPI6SPG16GDP4P,TF128PSIMC4N,TFSAPP1SPH090,33178,GSM,30 Minutes,American Express
TFAPI6SPC16SVP,TF256PSIMV9N,TFSAPP1SPH1500,33178,CDMA,200 Minutes,Discover
TFLGLRS988VCDG,TF256PSIMV9N,TFSAPP1SPH200,33178,CDMA,450 Minutes,Visa
TFHUH1511DGSVR5,TF128PSIMT5N,TFSAPP1SPH500,33178,GSM,120 Minutes,American Express
TFHUH1511DCPRS,TF256PSIMV9N,TFSAPP1SPH750,33178,CDMA,30 Minutes,Discover
TFAPISEG16SVR4,TF128PSIMC4N,TFN0001Y,33178,GSM,120 Minutes,Visa
TFAPISEC16SVPWP,TF256PSIMV9N,TFN00060,33178,CDMA,30 Minutes,American Express
TFALA846CP-5,TF256PSIMV9RM,TSAPP40300,33178,CDMA,200 Minutes,American Express
TFALA570BG3P5P,TF128PSIMT5RM,TFSAPP1SPH090,33178,GSM,30 Minutes,Visa
TFALA571VCPFMP,TF256PSIMV9RM,TFSAPP1SPH1500,33178,CDMA,450 Minutes,Discover
TFZEZ717VCPSP,TF256PSIMV9RM,TFSAPP1SPH200,33178,CDMA,450 Minutes,Discover
TFZEZ962BGP4DG,TF128PSIMC4N,TFSAPP1SPH500,33178,GSM,750 Minutes,Visa
TFZEZ963VC3P,TF256PSIMV9N,TFSAPP1SPH750,33178,CDMA,1500 Minutes,American Express
TFALA621BG3P5P,TF128PSIMC4RM,TFN0001Y,33178,GSM,200 Minutes,Visa
TFLGL82VCDG,TF256PSIMV9N,TFN00060,33178,CDMA,750 Minutes,Discover
TFLGL81AG3P4,TF128PSIMC4N,TSAPP40300,33178,GSM,120 Minutes,Visa
TFLGL62VC3P,TF256PSIMV9N,TFSAPP1SPH090,33178,CDMA,300 Minutes,American Express
TFLGL61AGP4DG,TF128PSIMC4N,TFSAPP1SPH1500,33178,GSM,200 Minutes,Visa
TFLGL51AGP4DU,TF128PSIMC4N,TFSAPP1SPH200,33178,GSM,1500 Minutes,Visa
TFLGL44VC,TF256PSIMV9N,TFSAPP1SPH500,33178,CDMA,450 Minutes,Discover
TFZEZ955G3P5,TF128PSIMT5RM,TFSAPP1SPH750,33178,GSM,450 Minutes,Discover
TFALA450TG3P5,TF128PSIMT5RM,TFN0001Y,33178,GSM,120 Minutes,Visa
TFLGL17AGP4,TF128PSIMC4RM,TFN00060,33178,GSM,300 Minutes,American Express
TFZEZ753GP5DG,TF128PSIMT5RM,TSAPP40300,33178,GSM,200 Minutes,Visa
TFZEZ660GP5-5,TF128PSIMT5RM,TFSAPP1SPH090,33178,GSM,300 Minutes,Visa
TFALA460GR5,TF128PSIMT5RM,TFSAPP1SPH1500,33178,GSM,450 Minutes,Discover
TFZEZ955GWHP,TF128PSIMC4RM,TFSAPP1SPH200,33178,GSM,90 Minutes,Visa
TFALA463BGP4RS,TF64PSIMC4RM,TFSAPP1SPH500,33178,GSM,200 Minutes,Visa
TFSAS820C3PWP,TF256PSIMV9RM,TFSAPP1SPH750,33178,CDMA,450 Minutes,Discover
TFLGL15G3P4,TF64PSIMC4RM,TFN0001Y,33178,GSM,200 Minutes,Visa
PHTF128PSIMC4N,TF128PSIMC4ND,TFN00060,33178,GSM,500 Minutes,Visa
