Part,SIM,Provider,New Cell,PIN
TFLGL48VCPET,TF256PSIMV9N,AT&T,GSM,TFN0001Y
TFLGL57BG3P4P,TF128PSIMC4N,SPRINT,GSM,TFN00060
TFLGL58VCPAP2,TF256PSIMV9N,VERIZON,GSM,TFSAPP1SPH090
TFZEZ233VCGYPAP3,TF256PSIMV9RM,AT&T,CDMA,TFSAPP1SPH1500
TFAPI6PG16GY,TF128PSIMC4N,AT&T,GSM,TFSAPP1SPH200
TFAPI6G16GYR,TF128PSIMC4N,SPRINT,GSM,TFSAPP1SPH500
TFSAS550TGP,TF128PSIMT5N,VERIZON,GSM,TFSAPP1SPH750
TFLG238CDMPTGP,,SPRINT,CDMA,TFN00060
TFSAS907VCPSP,TF256PSIMV9N,VERIZON,CDMA,TFSAPP1SPH090
TFZEZ861BGP4AS,TF128PSIMC4N,AT&T,GSM,TFSAPP1SPH1500
TFALA462CPWP,,SPRINT,CDMA,TFN00060
TFZEZ963VCPFMP,TF256PSIMV9N,VERIZON,CDMA,TFSAPP1SPH500
TFALA621BGP,TF128PSIMC4RM,AT&T,GSM,TFSAPP1SPH750
TFLGL61AGP4SP,TF128PSIMC4N,SPRINT,CDMA,TFN0001Y
TFLGL51AGWHP4,TF128PSIMC4N,VERIZON,GSM,TFN00060
TFLGL44VCPDG,TF256PSIMV9N,AT&T,GSM,TFSAPP1SPH090
TFALA450TG3P5,TF128PSIMT5RM,SPRINT,GSM,TFSAPP1SPH1500
TFZEZ753G3P5P,TF128PSIMT5RM,VERIZON,GSM,TFSAPP1SPH200
TFALA460GWHP5,TF128PSIMT5RM,AT&T,GSM,TFSAPP1SPH500
TFALA463BGP4LLDM,TF64PSIMT5RM,SPRINT,GSM,TFN0001Y
TF3GCPOAI5SGP5,TF128PSIMT5N,VERIZON,GSM,TFN0001Y
TFALA460GWHP,TF64PSIMC4RM,AT&T,GSM,TFN00060
TFZEZ793CPRS,,SPRINT,CDMA,TFSAPP1SPH090
TFLG441GDMP4RS,,VERIZON,CDMA,TFSAPP1SPH1500
TFLG237CDMPMP,,AT&T,CDMA,TFSAPP1SPH200
TFALA564CPMP,,SPRINT,CDMA,TFSAPP1SPH500
TFZEZ837VCPSP,TF256PSIMV9N,AT&T,CDMA,TFN0001Y
TFLGL64VCPDG,TF256PSIMV9N,SPRINT,CDMA,TFN0001Y
TFZEZ836BGP4DU,TF128PSIMC4N,VERIZON,GSM,TFN00060
TFZEZ836BGP5DU,TF128PSIMT5N,AT&T,GSM,TFSAPP1SPH090
TFZEZ798BGP4DU,TF128PSIMC4RM,VERIZON,GSM,TFSAPP1SPH200
TFZEZ798BGP5DU,TF128PSIMT5RM,AT&T,GSM,TFSAPP1SPH500
TFZEZ798BG,TF128PSIMCL7RM,SPRINT,GSM,TFSAPP1SPH750
TFLGL59BGP4ET2,TF128PSIMC4N,SPRINT,GSM,TFN0001Y
TFLGL59BGP4ET3,TF128PSIMT5N,VERIZON,GSM,TFN00060
TFLGL59BGP4ET4,TF128PSIMCL7N,AT&T,GSM,TFSAPP1SPH090
TFLGL63BGP4ET2,TF128PSIMC4N,SPRINT,GSM,TFSAPP1SPH1500
TFLGL63BGP4ET3,TF128PSIMT5N,VERIZON,GSM,TFSAPP1SPH200
TFLGL63BGP4ET4,TF128PSIMCL7N,AT&T,GSM,TFSAPP1SPH500
TFZEZ799VCPTGP,TF256PSIMV9RM,SPRINT,CDMA,TFSAPP1SPH750
