brand,esnpart,sim,zip,pinpart,celltech
TracFone,TFLGL48VCP-5,TF256PSIMV9N,33178,TFSAPP1SPH750,CDMA
TracFone,TFLGL57BG3P5,TF128PSIMT5N,33178,TFSAPP1SPH1500,GSM
TracFone,TFLGL58VCFDP,TF256PSIMV9N,33178,TFN0001Y,CDMA
TracFone,TFZEZ233VCGYP-5,TF256PSIMV9RM,33178,TFSAPP1SPH1500,CDMA
TracFone,TFAPI6PG16GYR4,TF128PSIMC4N,33178,TFSAPP1SPH750,GSM
TracFone,TFAPI6G16GYWHP4,TF128PSIMC4N,33178,TFSAPP1SPH1500,GSM
TracFone,TFSAS550TGP,TF128PSIMT5N,33178,TFN0001Y,GSM
TracFone,TFSAS320VCP-5,TF256PSIMV9N,33178,TFSAPP1SPH1500,CDMA
TracFone,TFSAS907VCR,TF256PSIMV9N,33178,TFSAPP1SPH750,CDMA
TracFone,TFZEZ861BGP4P,TF128PSIMT5N,33178,TFSAPP1SPH200,GSM
TracFone,TFSAG930VCP-5,TF256PSIMV9N,33178,TFN0001Y,CDMA
TracFone,TFAPI5SG16GYWHP,TF128PSIMC4N,33178,TFN0001Y,GSM
TracFone,TFAPI5SC16GY,TF256PSIMV9N,33178,TFSAPP1SPH500,CDMA
TracFone,TFAPI6C16GYP,TF256PSIMV9N,33178,TFN0001Y,CDMA
TracFone,TFAPI6PC16GY,TF256PSIMV9N,33178,TFSAPP1SPH750,CDMA
TracFone,TFAPI6SG16GDWHP,TF128PSIMC4N,33178,TFSAPP1SPH1500,GSM
TracFone,TFAPI6SC16RGWHP,TF256PSIMV9N,33178,TFN0001Y,CDMA
TracFone,TFAPI6SPG16RG,TF128PSIMC4N,33178,TFSAPP1SPH1500,GSM
TracFone,TFAPI6SPC16RG,TF256PSIMV9N,33178,TFSAPP1SPH090,CDMA
TracFone,TFLGLRS988VCPDG,TF256PSIMV9N,33178,TFSAPP1SPH750,CDMA
TracFone,TFHUH1511DGSV3P5P,TF128PSIMT5N,33178,TFSAPP1SPH200,GSM
TracFone,TFHUH1511DCPAS,TF256PSIMV9N,33178,TFSAPP1SPH1500,CDMA
TracFone,TFAPISEG16SVR4,TF128PSIMC4N,33178,TFN0001Y,GSM
TracFone,TFAPISEC16SVPWP,TF256PSIMV9N,33178,TFN0001Y,CDMA
TracFone,TFALA846CPDU,TF256PSIMV9RM,33178,TFSAPP1SPH750,CDMA
TracFone,TFALA570BGP4FMP,TF128PSIMT5RM,33178,TFSAPP1SPH1500,GSM
TracFone,TFALA571VCR,TF256PSIMV9RM,33178,TFN0001Y,CDMA
TracFone,TFZEZ717VCDG,TF256PSIMV9RM,33178,TFN0001Y,CDMA
TracFone,TFZEZ962BGP4-5,TF128PSIMC4N,33178,TFN0001Y,GSM
TracFone,TFZEZ963VCDG,TF256PSIMV9N,33178,TFSAPP1SPH750,CDMA
TracFone,TFALA621BGDG,TF128PSIMC4RM,33178,TFSAPP1SPH200,GSM
TracFone,TFLGL82VCRCS,TF256PSIMV9N,33178,TFN0001Y,CDMA
TracFone,TFLGL81AGP4DU,TF128PSIMC4N,33178,TFN0001Y,GSM
TracFone,TFLGL62VCRCS,TF256PSIMV9N,33178,TFN0001Y,GSM
TracFone,TFLGL61AG3P4P,TF128PSIMC4N,33178,TFN0001Y,GSM
TracFone,TFLGL51AGR,TF128PSIMC4N,33178,TFN0001Y,GSM
TracFone,TFLGL44VCPDU,TF256PSIMV9N,33178,TFSAPP1SPH200,CDMA
TracFone,TFALA450TGR,TF128PSIMT5RM,33178,TFN0001Y,GSM
TracFone,TFLGL17AGP4,TF128PSIMC4RM,33178,TFSAPP1SPH200,GSM
TracFone,TFZEZ667GP5DG,TF128PSIMT5RM,33178,TFN0001Y,GSM
TracFone,TFALA460G3P5,TF128PSIMT5RM,33178,TFSAPP1SPH750,GSM
TracFone,TFLG441GDMP4AS,TF64SIMCL7,00692,TFN0001Y,GSM
TracFone,TF256PBYOPAPN,TF256PSIMV9ND,33178,TFN0001Y,GSM
TracFone,TFLG237CDMPAS,,33178,TSAPP40300,CDMA
TracFone,TFALA206GDMP5P,TF128SIMT5RM,33178,TSAPP40300,GSM
TracFone,TFALA564C3PWP,,33178,TSAPP40300,CDMA
TracFone,TFSAS765CR,,33178,TSAPP40300,CDMA
TracFone,TFMTEX431GDMP5,TF64SIMT5,33178,TSAPP40300,GSM
