Brand,ESN,SIM,ZIP,Pin,Cell Tech,Redeem Pin,Add?
net10,PHNT128PSIMC4DD,TF128PSIMC4DD,33178,NTAPPMB6010,GSM,NTAPPMB6030,Later
net10,PHNT128PSIMC4ND,TF128PSIMC4ND,33178,NTAPPMB6020,GSM,NTAPPMB6050,Now
net10,PHNT128PSIMT5DDT,TF128PSIMT5DD,33178,NTAPPMB6030,GSM,NTAPPMB6010,Later
net10,PHNT128PSIMT5NDT,TF128PSIMT5ND,33178,NTAPPMB6050,GSM,NTAPPMB6020,Now
net10,NTSAS120VCPDU,TF256PSIMV9N,33178,NTAPP6U040,CDMA,NTPU0065ILDS,Later
net10,NTZEZ861BGRCS5,TF128PSIMCL7N,00692,NTPU0065ILDS,GSM,NTPU0001,Now
net10,NTAPISEC16GY,TF256PSIMV9N,33178,NTPU0065ILDS,CDMA,NTNS2U045,Later
net10,NTAPISEG16GYP,TF128PSIMC4N,33178,NTPU0065ILDS,GSM,NTNS2U055,Now
net10,NTSAG930VCP-5,TF256PSIMV9N,33178,NTPU0065ILDS,CDMA,NTPU0065ILDS,Later
net10,NTZEZ828TGDG,TF128PSIMT5N,33178,NTPU0065ILDS,GSM,NTPU0001,Now
net10,NTALA570BG3P5P,TF128PSIMT5RM,33178,NTPU0065ILDS,GSM,NTPU0001,Later
net10,NTLG238CPSP,,63552,NTAPP6U060,CDMA,NTPU0065ILDS,Later
net10,NTLG328BGP5P,TF128SIMT5,33178,NTAPP6U040,GSM,NTPU0065ILDS,Now
net10,NTSAS320VCPDG,TF256PSIMV9N,33178,NTAPP6U040,CDMA,NTAPP60070ILDUP,Now
net10,NTSAS550TGP5AS,TF128PSIMT5N,33178,NTAPPU0065ILD,CDMA,NTPU0065ILDS,Later
net10,NTAPI5SG16GYPV2,TF128PSIMC4N,33178,NTAPP6U060,GSM,NTPU0065ILDS,Later
net10,NTAPI5SC16GY,TF256PSIMV9N,33178,NTAPP6U040,CDMA,NTAPP60070ILDUP,Now
net10,NTAPI6C16GYR,TF256PSIMV9N,33178,NTAPP60060ILDUP,CDMA,NTPU0065ILDS,Later
net10,NTAPI6PC16GYWHP,TF256PSIMV9N,33178,NTAPPU0065ILD,CDMA,NTPU0001,Now
net10,NTAPI6SG16SVWHP,TF128PSIMC4N,33178,NTAPP60070ILDUP,GSM,NTAPPU0065ILD,Later
net10,NTAPI6SC16GDWHP,TF256PSIMV9N,33178,NTAPP60080ILDUP,CDMA,NTAPP60070ILDUP,Now
net10,NTAPI6SPG16GYP,TF128PSIMC4N,33178,NTAPPU0065ILD,GSM,NTPU0065ILDS,Now
net10,NTAPI6SPC16GYWHP,TF256PSIMV9N,33178,NTAPPU0065ILD,CDMA,NTAPPU0065ILD,Now
net10,NTLGLRS988VCP-5,TF256PSIMV9N,33178,NTAPP60070ILDUP,CDMA,NTAPP60070ILDUP,Later
net10,NTHUH1511DGSVDG,TF128PSIMT5N,33178,NTAPP60080ILDUP,GSM,NTAPPU0065ILD,Now
net10,NTHUH1511DCDG,TF256PSIMV9N,33178,NTAPPU0065ILD,CDMA,NTPU0065ILDS,Now
net10,NTAPISEC16GY,TF256PSIMV9N,33178,NTPU0065ILDS,CDMA,NTPU0001,Later
net10,NTAPISEG16GYP,TF128PSIMC4N,33178,NTPU0065ILDS,GSM,NTAPP60070ILDUP,Now
net10,NTSAG930VCP-5,TF256PSIMV9N,33178,NTPU0065ILDS,CDMA,NTPU0065ILDS,Later
net10,NTZEZ828TGDG,TF128PSIMT5N,33178,NTPU0065ILDS,GSM,NTPU0001,Now
net10,NTALA570BG3P5P,TF128PSIMT5RM,33178,NTPU0065ILDS,GSM,NTPU0001,Later
net10,NTALA571VCPWP,TF256PSIMV9RM,33178,NTPU0065ILDS,CDMA,NTPU0065ILDS,Now
net10,NTLGL82VC3P,TF256PSIMV9N,33178,NTPU0065ILDS,CDMA,NTPU0065ILDS,Now
net10,NTLGL81AGP4P,TF128PSIMCL7N,00692,NTPU0065ILDS,GSM,NTPU0065ILDS,Now
net10,NTLGL62VC3P,TF256PSIMV9N,33178,NTPU0065ILDS,CDMA,NTPU0065ILDS,Later
net10,NTLGL61AGP4,TF128PSIMC4N,33178,NTPU0065ILDS,GSM,NTPU0065ILDS,Now
net10,NTLGL51AGP4SP,TF128PSIMCL7N,00692,NTPU0065ILDS,GSM,NTPU0065ILDS,Now
net10,NTLGL44VCPTGP,TF256PSIMV9N,33178,NTPU0065ILDS,CDMA,NTPU0065ILDS,Later
net10,NTZEZ936CDG,TF256PSIMV9RM,33178,NTPU0065ILDS,CDMA,NTPU0065ILDS,Now
net10,NTLGL21G,TF128PSIMC4RM,33178,NTPU0065ILDS,GSM,NTPU0065ILDS,Now
net10,NTSAS390GP4,TF128SIMT5,00692,NTPU0065ILDS,GSM,NTPU0065ILDS,Later
net10,NTLG500G,TF128SIMT5,00692,NTPU0065ILDS,GSM,NTPU0065ILDS,Now
net10,NTLG237CDG,,33178,NTPU0065ILDS,CDMA,NTPU0065ILDS,Later
net10,NTSAS960CPTGP,,33178,NTPU0001,CDMA,NTPU0001,Later
tracfone,TFSAS120VCPDG,TF256PSIMV9N,33178,TSAPP401000,CDMA,TSAPP50030,Now
tracfone,TFZEZ861BGR4,TF128PSIMC4N,33178,TSAPP402000,GSM,TFSAPP1SPH090,Later
tracfone,GPAPI6PG16SVP4P,TF128PSIMC4N,33178,TSAPP40200,GSM,TFSAPP1SPH090,Now
tracfone,GPAPI6G16GYWHP4,TF128PSIMC4N,33178,TFNS1SPH500,GSM,TSAPP40200,Later
tracfone,TFSAS550TGP5DU,TF128PSIMT5N,33178,TSAPP50030,GSM,TFSAPP1SPH200,Now
tracfone,TFSAS320VCPAP2,TF256PSIMV9N,33178,TSAPP40200,CDMA,TSAPP40300,Now
tracfone,TFLG237CDMP-5,,33178,TSAPP50030,CDMA,TSAPP50030,Later
tracfone,TFAPI5SG16GYR,TF128PSIMC4N,33178,TSAPP40120,GSM,TFSAPP1SPH090,Now
tracfone,TFAPI5SC16GYP,TF256PSIMV9N,33178,TSAPP40500,CDMA,TFSAPP1SPH1500,Later
tracfone,TFAPI6C16GYPWP,TF256PSIMV9N,33178,TSAPP40200,CDMA,TFSAPP1SPH200,Now
tracfone,TFAPI6PC16SVP,TF256PSIMV9N,33178,TSAPP401000,CDMA,TSAPP50030,Now
tracfone,TFAPI6SG16GDP4,TF128PSIMC4N,33178,TSAPP402000,GSM,TFSAPP1SPH090,Later
tracfone,TFAPI6SC16GDP,TF256PSIMV9N,33178,TSAPP40450,CDMA,TFSAPP1SPH1500,Now
tracfone,TFAPI6SPG16GYR,TF128PSIMC4N,33178,TSAPP403000,GSM,TSAPP40300,Now
tracfone,TFAPI6SPC16GYP,TF256PSIMV9N,33178,TSAPP41000,CDMA,TFSAPP1SPH200,Later
tracfone,TFLGLRS988VCP,TF256PSIMV9N,33178,TSAPP41500,CDMA,TFSAPP1SPH090,Now
tracfone,TFHUH1511DGSVRCS,TF128PSIMT5N,33178,TSAPP40450,GSM,TSAPP50030,Later
tracfone,TFHUH1511DCPTGP,TF256PSIMV9N,33178,TSAPP403000,CDMA,TFSAPP1SPH090,Later
tracfone,TFAPISEC16SVR,TF256PSIMV9N,33178,TSAPP50030,CDMA,TSAPP50030,Now
tracfone,TFAPISEG16SV,TF128PSIMC4N,33178,TSAPP40300,GSM,TFSAPP1SPH1500,Later
tracfone,TFSAG930VCDG,TF256PSIMV9N,33178,TSAPP50030,CDMA,TSAPP50030,Now
tracfone,TFALA571VCP-5,TF256PSIMV9RM,33178,TSAPP50030,CDMA,TSAPP40300,Later
tracfone,TFALA570BGRCS5,TF128PSIMT5RM,33178,TSAPP40300,GSM,TSAPP40300,Now
tracfone,TFALA846CPAP,TF256PSIMV9RM,33178,TSAPP40300,CDMA,TSAPP50030,Later
tracfone,TFLGL82VCP-5,TF256PSIMV9N,33178,TSAPP50030,CDMA,TSAPP50030,Later
tracfone,TFLGL81AGP4,TF128PSIMC4N,33178,TSAPP40300,GSM,TSAPP40300,Now
tracfone,TFLGL62VCP,TF256PSIMV9N,33178,TSAPP50030,CDMA,TFSAPP1SPH090,Later
tracfone,TFLGL61AGP,TF128PSIMC4N,33178,TSAPP40300,GSM,TFSAPP1SPH200,Now
tracfone,TFLGL51AGP4RS,TF128PSIMC4N,33178,TSAPP50030,GSM,TFSAPP1SPH500,Later
tracfone,TFLGL44VCPWP,TF256PSIMV9N,33178,TSAPP40300,CDMA,TFSAPP1SPH750,Later
tracfone,TFZEZ955GP5-5,TF64PSIMT5RM,33178,TSAPP50030,GSM,TFSAPP1SPH1500,Now
tracfone,TFALA463BGWHP5,TF128PSIMT5RM,33178,TSAPP40300,GSM,TFAPP01000TXT,Later
telcel,TCALA621BGP5SP,TF128PSIMT5RM,33178,TCAPP00045ILD,GSM,TCAPP40025ILD,Now
telcel,TCALA570BG3P5P,TF128PSIMT5RM,33178,TCAPP00035ILD,GSM,TCAPP40025ILD,Later
telcel,TCZEZ828TGP5DU,TF128PSIMT5N,33178,TCAPP00055ILD,GSM,TCAPP40025ILD,Now
telcel,TCMTW419GP5,TF128SIMT5,00692,TCAPP00060ILD,GSM,TCAPP00035ILD,Now
telcel,TCHUH868CPTGP,,33178,TCAPP00055ILD,CDMA,TCAPP00045ILD,Later
telcel,TCZEZ716BGP5DG,TF128PSIMT5RM,33178,TCAPP00020ILD,GSM,TCAPP40025ILD,Now
telcel,TCZEZ716BGP5P,TF128PSIMT5RM,33178,TCAPP00045ILD,GSM,TCN40025ILD,Later
telcel,TCLG441GP5,TF128SIMT5,33178,TCAPP00035ILD,GSM,TCAPP00055ILD,Now
telcel,TCHUH868CRV2,,33178,TCAPP40025ILD,CDMA,TCN40025ILD,Later
telcel,TCRM9310CPDGV2,,33178,TCN40025ILD,CDMA,TCAPP00060ILD,Now
simple mobile,SMSAS550TGP5,SM128PSIMT5N,33178,SMNAPP0035UNL,GSM,SMNAPP0025TT,Now
simple mobile,SMALA570BGR,SM128PSIMT5RM,33178,SMNAPP0035UNL,GSM,SMNAPP0035UNL,Later
simple mobile,PHSM64PSIMT5BLC,SM64PSIMT5B,33178,SMNAPP0040UNL,GSM,SMNAPP0040UNL,Now
simple mobile,PHSM64PSIMT5B,SM64PSIMT5B,33178,SMNAPP0025TT,GSM,SMNAPP0025TT,Now
simple mobile,SMHUH1511DGSVP5SP,SM128PSIMT5N,33178,SMNAPP0035UNL,GSM,SMNAPP0035UNL,Later
