Brand,ESN,SIM,ZIP,Pin,Cell Tech,Action
simple mobile,PHSM64PSIMT5BMB,SM64PSIMT5BMB,33178,SMP0050SDP2,GSM,Reup
simple mobile,PHSM64PSIMT5BLC,SM64PSIMT5B,33178,SMP0075SDP3,GSM,Reup
simple mobile,SMZEZ716BG3P5,SM128PSIMT5RM,33178,SMP0100SDP4,GSM,Reup
simple mobile,SMZEZ828TG3P5,SM128PSIMT5N,33178,SMP0050SDP2,GSM,Reup
simple mobile,SMHUH891GR5,SM128PSIMT5RM,33178,SMP0075SDP3,GSM,Reup
simple mobile,SMHUH871GDG,SM128PSIMT5RM,33178,SMP0100SDP4,GSM,Reup
simple mobile,PHSM64PSIMT5BLC,SM64PSIMT5B,33178,SMP0050SDP2,GSM,Reup
simple mobile,PHSM64PSIMT5BLC,SM64PSIMT5B,33178,SMP0075SDP3,GSM,
simple mobile,PHSM64PSIMT5B,SM64PSIMT5B,33178,SMP0100SDP4,GSM,
simple mobile,PHSM64PSIMT5MB,SM64PSIMT5B,33178,SMP0050SDP2,GSM,
simple mobile,PHSM64PSIMT5MB,SM64PSIMT5B,33178,SMP0075SDP3,GSM,
simple mobile,PHSM64PSIMT5BLC,SM64PSIMT5B,33178,SMP0100SDP4,GSM,
simple mobile,PHSM64PSIMT5B,SM64PSIMT5B,33178,SMP0050SDP2,GSM,
simple mobile,PHSM64PSIMT5MB,SM64PSIMT5B,33178,SMP0075SDP3,GSM,
simple mobile,PHSM64PSIMT5MB,SM64PSIMT5B,33178,SMP0100SDP4,GSM,
