Brand,ESN1,SIM1,ZIP,Pin,ESN2,SIM2,Cell Tech
simple mobile,PHSM64PSIMT5BMB,SM64PSIMT5BMB,33178,SMP0050SDP2,PHSM64PSIMT5B,SM64PSIMT5B,GSM
simple mobile,PHSM64PSIMT5BLC,SM64PSIMT5B,33178,SMP0075SDP3,PHSM64PSIMT5MB,SM64PSIMT5B,GSM
simple mobile,SMZEZ716BG3P5,SM128PSIMT5RM,33178,SMP0100SDP4,PHSM64PSIMT5BMB,SM64PSIMT5BMB,GSM
simple mobile,SMZEZ828TG3P5,SM128PSIMT5N,33178,SMP0050SDP2,PHSM64PSIMT5BLC,SM64PSIMT5B,GSM
simple mobile,SMHUH891GR5,SM128PSIMT5RM,33178,SMP0075SDP3,SMZEZ716BG3P5,SM128PSIMT5RM,GSM
simple mobile,SMHUH871GDG,SM128PSIMT5RM,33178,SMP0100SDP4,SMZEZ828TG3P5,SM128PSIMT5N,GSM
simple mobile,PHSM64PSIMT5BLC,SM64PSIMT5B,33178,SMP0050SDP2,PHSM64PSIMT5B,SM64PSIMT5B,GSM
simple mobile,PHSM64PSIMT5BLC,SM64PSIMT5B,33178,SMP0075SDP3,PHSM64PSIMT5MB,SM64PSIMT5B,GSM
simple mobile,PHSM64PSIMT5B,SM64PSIMT5B,33178,SMP0100SDP4,PHSM64PSIMT5MB,SM64PSIMT5B,GSM
simple mobile,PHSM64PSIMT5MB,SM64PSIMT5B,33178,SMP0050SDP2,SMZEZ716BG3P5,SM128PSIMT5RM,GSM
simple mobile,PHSM64PSIMT5MB,SM64PSIMT5B,33178,SMP0075SDP3,SMZEZ828TG3P5,SM128PSIMT5N,GSM
simple mobile,PHSM64PSIMT5BLC,SM64PSIMT5B,33178,SMP0100SDP4,SMHUH891GR5,SM128PSIMT5RM,GSM
simple mobile,PHSM64PSIMT5B,SM64PSIMT5B,33178,SMP0050SDP2,SMHUH871GDG,SM128PSIMT5RM,GSM
simple mobile,PHSM64PSIMT5MB,SM64PSIMT5B,33178,SMP0075SDP3,PHSM64PSIMT5MB,SM64PSIMT5B,GSM
simple mobile,PHSM64PSIMT5MB,SM64PSIMT5B,33178,SMP0100SDP4,PHSM64PSIMT5MB,SM64PSIMT5B,GSM
